y/delta,y+,u'u',w'w',v'v',u'w',u'v',w'v',k,u+,dU/dy,v+,P
0.000000000000000e+00,0.000000000000000e+00,1.509945016220432e-34,0.000000000000000e+00,2.849189461256958e-34,0.000000000000000e+00,-4.268949112896188e-37,0.000000000000000e+00,2.179567238738695e-34,0.000000000000000e+00,9.999999999999999e-01,0.000000000000000e+00,0.000000000000000e+00
2.764315143122253e-06,2.765729439839074e-03,1.341024401271959e-06,9.232769096936697e-15,5.838997669273642e-07,-2.162830023471563e-11,-4.927590014357170e-10,-8.961228562540020e-16,9.624620887160461e-07,2.765725617133860e-03,9.999972356421352e-01,-1.990169667639455e-07,-9.232769096936708e-15
1.382146873540879e-05,1.382854016425900e-02,3.351622327912695e-05,5.750532684850959e-12,1.455713573845603e-05,-2.706425522426997e-09,-1.233396280285226e-08,-1.146318727979537e-13,2.403668238405783e-05,1.382844458687292e-02,9.999861752418771e-01,-9.950768741789789e-07,-5.750532684850961e-12
3.869966314673512e-05,3.871946291763557e-02,2.626071231595128e-04,3.507267051801631e-10,1.134218302969532e-04,-5.955458784427441e-08,-9.696006585909180e-08,-2.641325478323223e-12,1.880146520915856e-04,3.871871306724336e-02,9.999612361812739e-01,-2.786177776482700e-06,-3.507267051801633e-10
8.292656586705860e-05,8.296899329076779e-02,1.204591713100392e-03,7.293990120801097e-09,5.151239885874827e-04,-5.884895271080349e-07,-4.473113550665417e-07,-2.803061947916733e-11,8.598614978389978e-04,8.296554035143106e-02,9.999164637380789e-01,-5.970243628641326e-06,-7.293990120801102e-09
1.520290955829839e-04,1.521068776879944e-01,4.042497478422349e-03,8.065319796816872e-08,1.702085122150085e-03,-3.650006032563008e-06,-1.513992761659238e-06,-1.901565594371922e-10,2.872331626885201e-03,1.520951733346186e-01,9.998442493847887e-01,-1.094498944208107e-05,-8.065319796816876e-08
2.515332082846378e-04,2.516618993246350e-01,1.104335695386771e-02,5.861158108652951e-07,4.547173981902295e-03,-1.668320922772530e-05,-4.183716860081545e-06,-9.546597406803823e-10,7.795558525790435e-03,2.516291874263023e-01,9.997315874361384e-01,-1.810757897428993e-05,-5.861158108652958e-07
3.869636834078483e-04,3.871616642597545e-01,2.606994658534013e-02,3.149546037480441e-06,1.041418949607041e-02,-6.146762710021536e-05,-1.001828641547949e-05,-3.812084455331958e-09,1.824364281372401e-02,3.870807860800715e-01,9.995511042389080e-01,-2.785391178724982e-05,-3.149546037480442e-06
5.610795948808311e-04,5.613666580367414e-01,5.464432791827076e-02,1.320151107891895e-05,2.099901335998530e-02,-1.900230311192483e-04,-2.134311983511687e-05,-1.237295650008017e-08,3.782827139466749e-02,5.611825616824662e-01,9.992479211326145e-01,-4.037860336973397e-05,-1.320151107891896e-05
7.738742043458258e-04,7.742701388503129e-01,1.036010799640970e-01,4.479966916546452e-05,3.798571272552903e-02,-5.062137030063628e-04,-4.116234629970130e-05,-3.303090752055889e-08,7.081579617939573e-02,7.738731657635868e-01,9.987180556272499e-01,-5.567407344617931e-05,-4.479966916546456e-05
1.025339276563786e-03,1.025863867248057e+00,1.811641094009454e-01,1.280522848596508e-04,6.288648820931640e-02,-1.195072133669948e-03,-7.320106651983302e-05,-7.374956589082899e-08,1.220893249475607e-01,1.025034151098282e+00,9.977763317033165e-01,-7.372845597227514e-05,-1.280522848596509e-04
1.315465079733014e-03,1.316138106449228e+00,2.967860144386593e-01,3.184164767140252e-04,9.684953654441679e-02,-2.556330145092161e-03,-1.218051359668328e-04,-1.391574231108832e-07,1.969769837298951e-01,1.314439536316204e+00,9.961228512907723e-01,-9.452351919431940e-05,-3.184164767140254e-04
1.644240385865192e-03,1.645081622720975e+00,4.607926662048991e-01,7.062468983145331e-04,1.405196889538102e-01,-5.036235016585591e-03,-1.917010864181448e-04,-2.216015852822317e-07,3.010093010285119e-01,1.641675513754498e+00,9.933111838537267e-01,-1.180296378284978e-04,-7.062468983145341e-04
2.011652471220593e-03,2.012681685813766e+00,6.836945555859292e-01,1.424410543187458e-03,1.939680030248177e-01,-9.247040375995799e-03,-2.875583269624599e-04,-2.908000574691600e-07,4.395434845769671e-01,2.006025067961820e+00,9.887288867828111e-01,-1.441953932217653e-04,-1.424410543187459e-03
2.417687116800127e-03,2.418924069453697e+00,9.750482268661868e-01,2.651876275584762e-03,2.566976313137629e-01,-1.596040439950797e-02,-4.133320592489383e-04,-2.875353656365884e-07,6.171988672277672e-01,2.406319147763258e+00,9.816041263540290e-01,-1.729307154419342e-04,-2.651876275584764e-03
2.862328608895792e-03,2.863793051893218e+00,1.341868248854144e+00,4.611936728560457e-03,3.277227220270424e-01,-2.606220755776804e-02,-5.714735261823048e-04,-1.262398297136081e-07,8.371014538048736e-01,2.840767269143609e+00,9.710508879765910e-01,-2.040857716561911e-04,-4.611936728560461e-03
3.345559739698523e-03,3.347271416519292e+00,1.786799855453215e+00,7.564879484801988e-03,4.057052517397533e-01,-4.046423762740117e-02,-7.622478225071185e-04,2.936069965815847e-07,1.100034993338885e+00,3.306793649095791e+00,9.561573252840114e-01,-2.374309338788073e-04,-7.564879484801993e-03
3.867361807964542e-03,3.869340452520091e+00,2.306484537435322e+00,1.179610376172015e-02,4.891238221543884e-01,-5.998165227327245e-02,-9.834737332096374e-04,1.072415546257438e-06,1.403702231675715e+00,3.800915234338345e+00,9.361083294819351e-01,-2.726429245372012e-04,-1.179610376172016e-02
4.427714619738898e-03,4.429979955608904e+00,2.890652883651553e+00,1.760150575999929e-02,5.764423230527338e-01,-8.519898472977194e-02,-1.230851878290856e-03,2.296851765854757e-06,1.742348356232143e+00,4.318699674816375e+00,9.103195410361341e-01,-3.092976464029330e-04,-1.760150575999930e-02
5.026596489136725e-03,5.029168228805792e+00,3.522362825557898e+00,2.527221025208122e-02,6.662480287131330e-01,-1.163551110608673e-01,-1.498715655465550e-03,4.026340155758733e-06,2.106941532261556e+00,4.854831259744603e+00,8.785523748082522e-01,-3.468645771165081e-04,-2.527221025208124e-02
5.663984239183018e-03,5.666882083277795e+00,4.179484912822040e+00,3.508040120593615e-02,7.573382660823993e-01,-1.532750708167193e-01,-1.780792417654773e-03,6.269671524191539e-06,2.485951790055188e+00,5.403292661943506e+00,8.409821640027977e-01,-3.846978300997233e-04,-3.508040120593618e-02
6.339853202709356e-03,6.343096839236119e+00,4.837153658473346e+00,4.726729161549934e-02,8.487491003709883e-01,-1.953648816022273e-01,-2.070631777480397e-03,8.941492448597774e-06,2.866585025229917e+00,5.957645953716142e+00,7.982032863805248e-01,-4.220302593834036e-04,-4.726729161549937e-02
7.054177223308256e-03,7.057786326890970e+00,5.470624555144658e+00,6.203348111678852e-02,9.397337924737137e-01,-2.416694070181122e-01,-2.361706492521519e-03,1.180674270568002e-05,3.236195914367580e+00,6.511375345862861e+00,7.511712226736383e-01,-4.579939367756561e-04,-6.203348111678858e-02
7.806928656345802e-03,7.810922887464708e+00,6.057906912752495e+00,7.953138076836154e-02,1.029708858572892e+00,-2.909787856255466e-01,-2.647515534517708e-03,1.444902301564304e-05,3.583573576046875e+00,7.058242476028899e+00,7.010960584120353e-01,-4.916959532747451e-04,-7.953138076836161e-02
8.598078370031459e-03,8.602477374262202e+00,6.581681431593633e+00,9.985920845389454e-02,1.118189075966507e+00,-3.419600667610426e-01,-2.921954022404915e-03,1.630838074855178e-05,3.899864858007017e+00,7.592605263666388e+00,6.493108078304820e-01,-5.223591248284015e-04,-9.985920845389462e-02
9.427595746545392e-03,9.432419153798731e+00,7.030270029579781e+00,1.230562579634655e-01,1.204730102127870e+00,-3.932889057300556e-01,-3.179919724656146e-03,1.680923987969747e-05,4.179028194835558e+00,8.109661983747017e+00,5.971397201033389e-01,-5.495001191891179e-04,-1.230562579634655e-01
1.029544868322330e-02,1.030071610698542e+01,7.397690245915431e+00,1.490995408504081e-01,1.288890890259189e+00,-4.437604821888429e-01,-3.418019694250064e-03,1.556120744070890e-05,4.417840338512514e+00,8.605599256432150e+00,5.457874093724588e-01,-5.730845291356324e-04,-1.490995408504083e-01
1.120160359379907e-02,1.120733463037254e+01,7.683013525741093e+00,1.779022470081612e-01,1.370220293702217e+00,-4.923668831625876e-01,-3.634937404476623e-03,1.257991383608519e-05,4.615568033225736e+00,9.077641057508396e+00,4.962615663083392e-01,-5.935818042842732e-04,-1.779022470081613e-01
1.214602540970411e-02,1.215223963744949e+01,7.889322518043850e+00,2.093146012064623e-01,1.448265278891955e+00,-5.383370956608219e-01,-3.830751092681202e-03,8.434232768737254e-06,4.773451199071133e+00,9.524011185558036e+00,4.493330545378704e-01,-6.118545634047392e-04,-2.093146012064624e-01
1.312867758142522e-02,1.313539456000337e+01,8.022542194174248e+00,2.431275663605141e-01,1.522593669930800e+00,-5.811430867911983e-01,-4.005096620465064e-03,4.206601025812769e-06,4.894131715232780e+00,9.943831291454481e+00,4.055298436513562e-01,-6.288776044594777e-04,-2.431275663605143e-01
1.414952207991849e-02,1.415676134953360e+01,8.090346022152334e+00,2.790794839729742e-01,1.592822182378344e+00,-6.204802204527984e-01,-4.154723988043907e-03,1.204518041547430e-06,4.981123844251826e+00,1.033698003622401e+01,3.651565858286092e-01,-6.453941861027578e-04,-2.790794839729744e-01
1.520851939808121e-02,1.521630047872461e+01,8.101250890969856e+00,3.168653089085192e-01,1.658640769474926e+00,-6.562320859836632e-01,-4.271571208035176e-03,5.311151792827734e-07,5.038378484676651e+00,1.070393712309068e+01,3.283298841039920e-01,-6.616921716590460e-04,-3.168653089085194e-01
1.630562855228079e-02,1.631397094297549e+01,8.063938185080975e+00,3.561477702142513e-01,1.719827607301531e+00,-6.884289431426200e-01,-4.342923394336664e-03,2.753277783790006e-06,5.069956781298378e+00,1.104563076860301e+01,2.950200161785043e-01,-6.776121118667422e-04,-3.561477702142515e-01
1.744080708394102e-02,1.744973026198709e+01,7.986788230102109e+00,3.965695796401383e-01,1.776253611362688e+00,-7.172066690787718e-01,-4.354418225379890e-03,7.883157488013281e-06,5.079805710552467e+00,1.136330073512558e+01,2.650920421767434e-01,-6.927380217748363e-04,-3.965695796401386e-01
1.861401106118499e-02,1.862353448140579e+01,7.877590915487273e+00,4.377657813893311e-01,1.827878443045194e+00,-7.427703249828252e-01,-4.295560761597295e-03,1.567636512832923e-05,5.071617569960899e+00,1.165838308100546e+01,2.383420496732639e-01,-7.065894223496351e-04,-4.377657813893315e-01
1.982519508053548e-02,1.983533817452478e+01,7.743388094961137e+00,4.793753663207482e-01,1.874741160269706e+00,-7.653642866742345e-01,-4.166301005487281e-03,2.584971772829757e-05,5.048752310775797e+00,1.193241838076739e+01,2.145266791064534e-01,-7.186534204089935e-04,-4.793753663207485e-01
2.107431226867196e-02,2.108509444404186e+01,7.590407432467734e+00,5.210512608586755e-01,1.916948448744407e+00,-7.852497788504689e-01,-3.978326669133610e-03,3.791080789229303e-05,5.014203571035408e+00,1.218698214393442e+01,1.933853786280111e-01,-7.283604875661711e-04,-5.210512608586757e-01
2.236131428424448e-02,2.237275492387440e+01,7.424057622079858e+00,5.624681468000144e-01,1.954661134672827e+00,-8.026895184235529e-01,-3.747993520789971e-03,5.097410084412029e-05,4.970593451776350e+00,1.242363416081609e+01,1.746558164675722e-01,-7.351948556700950e-04,-5.624681468000149e-01
2.368615131974483e-02,2.369826978103134e+01,7.248963842095462e+00,6.033281623899291e-01,1.988080798584344e+00,-8.179377947378500e-01,-3.489948435249146e-03,6.385093343224458e-05,4.920186401534867e+00,1.264388294532161e+01,1.580840269986736e-01,-7.388894468774339e-04,-6.033281623899296e-01
2.504877210343381e-02,2.506158771754150e+01,7.069025500132699e+00,6.433648417297644e-01,2.017437951574836e+00,-8.312341265644125e-01,-3.216084019639812e-03,7.525349769879692e-05,4.864914146718649e+00,1.284916208001889e+01,1.434307588598677e-01,-7.395134652257974e-04,-6.433648417297648e-01
2.644912390132592e-02,2.646265597243926e+01,6.887482037131941e+00,6.823456258063488e-01,2.042979792746652e+00,-8.427996762592304e-01,-2.934012487127751e-03,8.387169548674350e-05,4.806403727842471e+00,1.304081573362125e+01,1.304751605767846e-01,-7.374466762617877e-04,-6.823456258063493e-01
2.788715251922946e-02,2.790142032380578e+01,6.706970897497666e+00,7.200728135339808e-01,2.064959963274301e+00,-8.528348802942110e-01,-2.644832054262816e-03,8.857519279846906e-05,4.746001837152973e+00,1.322009183931420e+01,1.190174387023687e-01,-7.336450945094423e-04,-7.200728135339816e-01
2.936280230484456e-02,2.937782509086797e+01,6.529578898471643e+00,7.563825650260363e-01,2.083635394231287e+00,-8.615178492975848e-01,-2.347954888438741e-03,8.911980092326285e-05,4.684798428864482e+00,1.338814226562315e+01,1.088802439830585e-01,-7.300391485008278e-04,-7.563825650260366e-01
3.087601614991642e-02,3.089181313615294e+01,6.356902967008632e+00,7.911428824791928e-01,2.099265887493702e+00,-8.690046964391869e-01,-2.047862089860140e-03,8.639702446851304e-05,4.623655868490763e+00,1.354602753598173e+01,9.990773450242375e-02,-7.293522805371955e-04,-7.911428824791932e-01
3.242673549244579e-02,3.244332586769960e+01,6.190115261593219e+00,8.242518339224948e-01,2.112105665417143e+00,-8.754315289360678e-01,-1.750956532647230e-03,8.205228351312162e-05,4.563236380466428e+00,1.369472306592551e+01,9.196324865078832e-02,-7.341736357748382e-04,-8.242518339224953e-01
3.401490031895527e-02,3.403230324132603e+01,6.030037349241460e+00,8.556358606349088e-01,2.122388164131261e+00,-8.809172971454533e-01,-1.457056525005225e-03,7.751947025934603e-05,4.504030687003815e+00,1.383512520057566e+01,8.492648667412177e-02,-7.462441923163241e-04,-8.556358606349095e-01
3.564044916681175e-02,3.565868376295324e+01,5.877226116101746e+00,8.852474799794779e-01,2.130315979113751e+00,-8.855673722177601e-01,-1.158155604872058e-03,7.325726468892970e-05,4.446394787597487e+00,1.396805544143061e+01,7.868991881220537e-02,-7.669455832154215e-04,-8.852474799794788e-01
3.730331912660501e-02,3.732240449098487e+01,5.732046340084870e+00,9.130622436902746e-01,2.136067072261507e+00,-8.894767174443333e-01,-8.461902935745102e-04,6.947994935038631e-05,4.390587828018326e+00,1.409426183906722e+01,7.315615541967446e-02,-7.976217346695444e-04,-9.130622436902754e-01
3.900344584458260e-02,3.902340103874341e+01,5.594696152988672e+00,9.390758800649358e-01,2.139813626658358e+00,-8.927301875473378e-01,-5.267296524517872e-04,6.771344223284181e-05,4.336792829855983e+00,1.421442071906480e+01,6.823838530210606e-02,-8.382335620845502e-04,-9.390758800649366e-01
4.074076352514011e-02,4.076160757696167e+01,5.465226343763656e+00,9.633011105557313e-01,2.141735667869780e+00,-8.954023864551989e-01,-2.203321311922928e-04,7.085376691441211e-05,4.285131561094584e+00,1.432914180624877e+01,6.386085105806334e-02,-8.862575954240600e-04,-9.633011105557320e-01
4.251520493336736e-02,4.253695683633031e+01,5.343569206883740e+00,9.857643609249381e-01,2.142009400278305e+00,-8.975592794617266e-01,4.789399256044182e-05,8.132022043896050e-05,4.235671484043491e+00,1.443897444094514e+01,5.995742860715075e-02,-9.374390556539809e-04,-9.857643609249386e-01
4.432670139765083e-02,4.434938011010160e+01,5.229545700543681e+00,1.006504649496711e+00,2.140786730104545e+00,-8.992594370558916e-01,2.629113389258212e-04,9.804998613817261e-05,4.188418540072469e+00,1.454441275726575e+01,5.646995847474054e-02,-9.879895989438271e-04,-1.006504649496713e+00
4.617518281233113e-02,4.619880725674824e+01,5.122883385239856e+00,1.025573005836227e+00,2.138200636247829e+00,-9.005542549734363e-01,4.179513279717440e-04,1.169189486941657e-04,4.143328513661956e+00,1.464590003275818e+01,5.334726368173525e-02,-1.036122781470357e-03,-1.025573005836228e+00
4.806057764041582e-02,4.808516670267758e+01,5.023261248892009e+00,1.043029955604830e+00,2.134377726322184e+00,-9.014886000215405e-01,5.084998712777865e-04,1.344878923510614e-04,4.100334465409512e+00,1.474383263990094e+01,5.054396488475498e-02,-1.081245061530248e-03,-1.043029955604830e+00
4.998281291634821e-02,5.000838544500180e+01,4.930337727263149e+00,1.058942807781529e+00,2.129436109798584e+00,-9.021034519303690e-01,5.380668794487861e-04,1.515629479588638e-04,4.059358322421630e+00,1.483856273105642e+01,4.801950003335477e-02,-1.122323309435759e-03,-1.058942807781530e+00
5.194181424883126e-02,5.196838905436334e+01,4.843748680371214e+00,1.073384009215434e+00,2.123478415161585e+00,-9.024356455731090e-01,5.236370049043175e-04,1.720966319073928e-04,4.020305552374117e+00,1.493040211573507e+01,4.573929609679500e-02,-1.156871886316065e-03,-1.073384009215436e+00
5.393750582370627e-02,5.396510167781492e+01,4.763093411482227e+00,1.086430048476281e+00,2.116588307459627e+00,-9.025149204408877e-01,4.899487260182418e-04,1.972153943348439e-04,3.983055883709067e+00,1.501962931945196e+01,4.367498299019207e-02,-1.182736661838997e-03,-1.086430048476281e+00
5.596981040688709e-02,5.599844604175545e+01,4.687952675133308e+00,1.098160718421484e+00,2.108834644350052e+00,-9.023638009169979e-01,4.517846504306113e-04,2.242937605990996e-04,3.947474018952422e+00,1.510649511581382e+01,4.180183207072884e-02,-1.201406575094518e-03,-1.098160718421485e+00
5.803864934734893e-02,5.806834345492015e+01,4.617924485648506e+00,1.108657940290446e+00,2.100279759788854e+00,-9.020012384486534e-01,4.099315819532466e-04,2.515148918772648e-04,3.913431092863902e+00,1.519122364422735e+01,4.009668881608581e-02,-1.216966586784282e-03,-1.108657940290447e+00
6.014394258017242e-02,6.017471381142636e+01,4.552631637790217e+00,1.118003678884176e+00,2.090983160681414e+00,-9.014453207765210e-01,3.725732333569943e-04,2.768173365214137e-04,3.880809238677903e+00,1.527401175544509e+01,3.853783537028260e-02,-1.233240675661489e-03,-1.118003678884176e+00
6.228560862964228e-02,6.231747559387363e+01,4.491718105361536e+00,1.126277879178881e+00,2.081007236321836e+00,-9.007146722817436e-01,3.543330275754162e-04,2.955883825289151e-04,3.849501610431126e+00,1.535502930754384e+01,3.710555290047143e-02,-1.253987407003051e-03,-1.126277879178881e+00
6.446356461239977e-02,6.449654587649793e+01,4.434851563265801e+00,1.133557291479802e+00,2.070426705758676e+00,-8.998289083463844e-01,3.508990448967936e-04,3.043413636140308e-04,3.819417780252140e+00,1.543442152010811e+01,3.578324850899888e-02,-1.282150944802961e-03,-1.133557291479803e+00
6.667772624065105e-02,6.671184032838154e+01,4.381741148245576e+00,1.139913771671672e+00,2.059329494278448e+00,-8.988060041616847e-01,3.428217967354726e-04,3.021556794343307e-04,3.790492207097848e+00,1.551231450403918e+01,3.455837107490725e-02,-1.318363662978996e-03,-1.139913771671673e+00
6.892800782542907e-02,6.896327321671669e+01,4.332141517537417e+00,1.145413289504812e+00,2.047805043345917e+00,-8.976601751180809e-01,3.254442693460078e-04,2.895785409147708e-04,3.762679925194073e+00,1.558882086843234e+01,3.342072391059631e-02,-1.362399942867695e-03,-1.145413289504813e+00
7.121432227990920e-02,7.125075741012280e+01,4.285822278889367e+00,1.150117208035075e+00,2.035931155735081e+00,-8.964042489084711e-01,3.159301001774718e-04,2.675748877173168e-04,3.735935321329761e+00,1.566403986151734e+01,3.235960459365388e-02,-1.415527055931032e-03,-1.150117208035077e+00
7.353658112278016e-02,7.357420438201923e+01,4.242524393872309e+00,1.154084665218280e+00,2.023764735347249e+00,-8.950502127725489e-01,3.282372288404749e-04,2.372456623426565e-04,3.710186897218919e+00,1.573805544012579e+01,3.136535585473335e-02,-1.481278590358242e-03,-1.154084665218281e+00
7.589469448166786e-02,7.593352421405079e+01,4.201965000326351e+00,1.157373102522595e+00,2.011333997751755e+00,-8.936039907682654e-01,3.629996032403467e-04,2.011569505356614e-04,3.685336050300350e+00,1.581094051972768e+01,3.043141915435852e-02,-1.563449275734884e-03,-1.157373102522596e+00
7.828857109661391e-02,7.832862559956811e+01,4.163884456588078e+00,1.160037686843964e+00,1.998664570375789e+00,-8.920691480524715e-01,4.146812110503018e-04,1.630782810495786e-04,3.661293356903915e+00,1.588276093424491e+01,2.955217912648847e-02,-1.663234603084951e-03,-1.160037686843965e+00
8.071811832360687e-02,8.075941584716060e+01,4.128041610160106e+00,1.162130278459273e+00,1.985794263595769e+00,-8.904518093312114e-01,4.705683955247106e-04,1.240097386364697e-04,3.637983076107574e+00,1.595357576332879e+01,2.872264716023847e-02,-1.780351056776663e-03,-1.162130278459274e+00
8.318324213816819e-02,8.322580088424431e+01,4.094204935223775e+00,1.163698853078185e+00,1.972763103294392e+00,-8.887609636787739e-01,5.118592485964991e-04,8.604916284891910e-05,3.615333445798176e+00,1.602343883987891e+01,2.793868737780993e-02,-1.914679843398887e-03,-1.163698853078187e+00
8.568384713899047e-02,8.572768526070200e+01,4.062174825554814e+00,1.164787348436041e+00,1.959623122378493e+00,-8.870040905850496e-01,5.268559044606879e-04,5.565542552022448e-05,3.593292648184674e+00,1.609239891631188e+01,2.719615890540700e-02,-2.064636419630254e-03,-1.164787348436042e+00
8.821983655163002e-02,8.826497215257763e+01,4.031784065466009e+00,1.165435518020199e+00,1.946429933222965e+00,-8.851832359027151e-01,5.094926275357991e-04,3.760961784604827e-05,3.571824758354587e+00,1.616049967949163e+01,2.649151288699553e-02,-2.226480173158916e-03,-1.165435518020199e+00
9.079111223225178e-02,9.083756336582316e+01,4.002876122067685e+00,1.165681278059862e+00,1.933207717602115e+00,-8.832977718425923e-01,4.662006707412686e-04,3.318356977838547e-05,3.550882558864831e+00,1.622778066190336e+01,2.582154519038393e-02,-2.395081971260514e-03,-1.165681278059863e+00
9.339757467142740e-02,9.344535934009856e+01,3.975293629235241e+00,1.165564312846533e+00,1.919954878172063e+00,-8.813471079648485e-01,4.216814004824944e-04,4.333532452734556e-05,3.530406410126919e+00,1.629427774955103e+01,2.518386600295093e-02,-2.565597692448597e-03,-1.165564312846535e+00
9.603912299798678e-02,9.608825915262541e+01,3.948895641264039e+00,1.165124794043130e+00,1.906676766005018e+00,-8.793282263178778e-01,4.058976312600668e-04,6.756317025849920e-05,3.510348600656093e+00,1.636002640494485e+01,2.457748545072753e-02,-2.735957047182594e-03,-1.165124794043131e+00
9.871565498292123e-02,9.876616052209194e+01,3.923552143029545e+00,1.164398632828595e+00,1.893385755968025e+00,-8.772423843097649e-01,4.286995910778049e-04,1.049293770716819e-04,3.490668265913083e+00,1.642506079482915e+01,2.399916996557635e-02,-2.904428851314280e-03,-1.164398632828596e+00
1.014270670433401e-01,1.014789598126118e+02,3.899146347727684e+00,1.163416485942964e+00,1.880111790839794e+00,-8.751010471890076e-01,4.781887028797586e-04,1.548114372920479e-04,3.471337312255222e+00,1.648940665370669e+01,2.344448975713360e-02,-3.065968662186916e-03,-1.163416485942965e+00
1.041732542464798e-01,1.042265520377349e+02,3.875579981204806e+00,1.162205383158315e+00,1.866898927971603e+00,-8.729132286205995e-01,5.385235705607782e-04,2.148783464746930e-04,3.452342146167362e+00,1.655308514540056e+01,2.291278916169205e-02,-3.214234473538765e-03,-1.162205383158315e+00
1.069541103137640e-01,1.070088308645100e+02,3.852752025856009e+00,1.160790046210612e+00,1.853785307958387e+00,-8.706787456413572e-01,6.081595187853244e-04,2.773410658504275e-04,3.433663690012504e+00,1.661612150454248e+01,2.240494973904781e-02,-3.347388417949466e-03,-1.160790046210612e+00
1.097695276249171e-01,1.098256886176003e+02,3.830563541014147e+00,1.159190636278536e+00,1.840825796415593e+00,-8.683945580863568e-01,6.834423092121755e-04,3.359583834168642e-04,3.415289986854138e+00,1.667854274114300e+01,2.191920396339328e-02,-3.465984638588350e-03,-1.159190636278537e+00
1.126193972221293e-01,1.126770162834501e+02,3.808941128887503e+00,1.157419794787004e+00,1.828069875284674e+00,-8.660577460801523e-01,7.565371275834409e-04,3.871325866468872e-04,3.397215399479591e+00,1.674037047765647e+01,2.145238169577154e-02,-3.568676249421194e-03,-1.157419794787005e+00
1.155036088142730e-01,1.155627035145041e+02,3.787812483624063e+00,1.155486538203421e+00,1.815517104946858e+00,-8.636632865661699e-01,8.359705606513032e-04,4.279008933909077e-04,3.379408063387171e+00,1.680162146476758e+01,2.100291260504393e-02,-3.655181082780399e-03,-1.155486538203422e+00
1.184220507811713e-01,1.184826386334774e+02,3.767135805556177e+00,1.153399797594693e+00,1.803125118930380e+00,-8.612088075289667e-01,9.431992541720091e-04,4.554146136155026e-04,3.361830361040625e+00,1.686231109410140e+01,2.056965923517223e-02,-3.728132845110936e-03,-1.153399797594695e+00
1.213746101779175e-01,1.214367086376778e+02,3.746885524158590e+00,1.151168881951905e+00,1.790853786693736e+00,-8.586968388705349e-01,1.090266261059058e-03,4.662638408499941e-04,3.344454096402115e+00,1.692245256374782e+01,2.015129420031179e-02,-3.794316207188792e-03,-1.151168881951906e+00
1.243611727392467e-01,1.244247992033793e+02,3.726986975325758e+00,1.148804201328649e+00,1.778715073866217e+00,-8.561277181813299e-01,1.261220612977489e-03,4.625893456286759e-04,3.327253125260311e+00,1.698205905022829e+01,1.974815222734069e-02,-3.861728405576944e-03,-1.148804201328649e+00
1.273816228839574e-01,1.274467946902459e+02,3.707348669317041e+00,1.146316495218534e+00,1.766751353635608e+00,-8.535000511007679e-01,1.423632800862928e-03,4.466941387059972e-04,3.310208259085591e+00,1.704114782150644e+01,1.936094023836724e-02,-3.936096083790023e-03,-1.146316495218535e+00
1.304358437193842e-01,1.305025781458070e+02,3.687918200991175e+00,1.143717169711744e+00,1.754974712540643e+00,-8.508175899465230e-01,1.556143686985927e-03,4.204833016718124e-04,3.293305041621781e+00,1.709973586328210e+01,1.898742203531546e-02,-4.019527565190501e-03,-1.143717169711745e+00
1.335237170459227e-01,1.335920313099839e+02,3.668673401156039e+00,1.141018982205033e+00,1.743366386627081e+00,-8.480827451124404e-01,1.659065050754609e-03,3.868015874579432e-04,3.276529384994076e+00,1.715783354073869e+01,1.862551392152100e-02,-4.109965108248872e-03,-1.141018982205035e+00
1.366451233616027e-01,1.367150346196663e+02,3.649579564787934e+00,1.138234286632776e+00,1.731904684195507e+00,-8.452925124213849e-01,1.752402353096990e-03,3.485361244792161e-04,3.259859267808109e+00,1.721545043146255e+01,1.827543182513064e-02,-4.199622465160551e-03,-1.138234286632777e+00
1.397999418667141e-01,1.398714672133395e+02,3.630605854613910e+00,1.135371393525448e+00,1.720571614588357e+00,-8.424506965387849e-01,1.855545132215311e-03,3.106926828824586e-04,3.243274431363858e+00,1.727259634526432e+01,1.793595668814809e-02,-4.274830200432598e-03,-1.135371393525449e+00
1.429880504684807e-01,1.430612069357617e+02,3.611758183235374e+00,1.132434050293254e+00,1.709342998428370e+00,-8.395633960746979e-01,1.953352226887820e-03,2.824130796557737e-04,3.226767615978499e+00,1.732927784608503e+01,1.760616809358238e-02,-4.321334422741441e-03,-1.132434050293256e+00
1.462093257857862e-01,1.462841303426913e+02,3.593058841030039e+00,1.129424821112899e+00,1.698191555868390e+00,-8.366320237046198e-01,2.007505311725861e-03,2.721934751273271e-04,3.210337609005664e+00,1.738550250673251e+01,1.728655265056959e-02,-4.330587297736341e-03,-1.129424821112900e+00
1.494636431539486e-01,1.495401127056647e+02,3.574512616964475e+00,1.126346356643597e+00,1.687110061411052e+00,-8.336567420996680e-01,1.994490045135955e-03,2.804349936225135e-04,3.193984517509562e+00,1.744127967777602e+01,1.697698025700470e-02,-4.304729554961717e-03,-1.126346356643599e+00
1.527508766295448e-01,1.528290280168228e+02,3.556092623808961e+00,1.123200949693889e+00,1.676129466598759e+00,-8.306352266695555e-01,1.927282253390349e-03,2.998714715805901e-04,3.177711520050805e+00,1.749661949319373e+01,1.667752095164678e-02,-4.255283545988650e-03,-1.123200949693890e+00
1.560708989952853e-01,1.561507489937883e+02,3.537761726751353e+00,1.119992787500378e+00,1.665283927216558e+00,-8.275631551364601e-01,1.851651299559898e-03,3.204960057409040e-04,3.161519220734144e+00,1.755153228259129e+01,1.638706122457896e-02,-4.196816810830006e-03,-1.119992787500379e+00
1.594235817649364e-01,1.595051470845907e+02,3.519514153724786e+00,1.116725676136738e+00,1.654576803517260e+00,-8.244409162981103e-01,1.801871068341904e-03,3.354451131890257e-04,3.145408316689392e+00,1.760602177112870e+01,1.610264219255965e-02,-4.140447417364356e-03,-1.116725676136740e+00
1.628087951882938e-01,1.628920924726419e+02,3.501368066485048e+00,1.113401375750194e+00,1.643982216976174e+00,-8.212736414029317e-01,1.783284216790872e-03,3.448922755821021e-04,3.129375829605708e+00,1.766008629836344e+01,1.582421040069168e-02,-4.092941094499228e-03,-1.113401375750195e+00
1.662264082562032e-01,1.663114540817598e+02,3.483322605976614e+00,1.110020226152661e+00,1.633477950812460e+00,-8.180650622391019e-01,1.784270717781401e-03,3.542998683733693e-04,3.113410391470868e+00,1.771372837545326e+01,1.555285502580039e-02,-4.056064887014608e-03,-1.110020226152662e+00
1.696762887056308e-01,1.697630995812416e+02,3.465355419233683e+00,1.106582833544617e+00,1.623070242544293e+00,-8.148222665576569e-01,1.800423395689138e-03,3.631794709385810e-04,3.097504247661296e+00,1.776695217629911e+01,1.528843388097988e-02,-4.026810905232912e-03,-1.106582833544618e+00
1.731583030247817e-01,1.732468953909841e+02,3.447418411459699e+00,1.103091718811375e+00,1.612761197209875e+00,-8.115488058128878e-01,1.841281715105203e-03,3.662629399260469e-04,3.081635663740474e+00,1.781976380922319e+01,1.503173131148492e-02,-3.998505155105821e-03,-1.103091718811376e+00
1.766723164582674e-01,1.767627066866542e+02,3.429462747538482e+00,1.099548850596299e+00,1.602541527712096e+00,-8.082447554196223e-01,1.913589175268939e-03,3.583346277227582e-04,3.065776562923439e+00,1.787217188436498e+01,1.478266453105778e-02,-3.965855242115456e-03,-1.099548850596300e+00
1.802181930123201e-01,1.803103974049064e+02,3.411443222058408e+00,1.095955864929154e+00,1.592427361821590e+00,-8.049079165868419e-01,2.002788028308081e-03,3.348053417787113e-04,3.049913224404575e+00,1.792418504923929e+01,1.454132257918705e-02,-3.932832857698100e-03,-1.095955864929154e+00
1.837957954600563e-01,1.838898302486481e+02,3.393334633437846e+00,1.092317115462203e+00,1.582441468847485e+00,-8.015356474317575e-01,2.080879934054516e-03,2.941853731232267e-04,3.034046608873767e+00,1.797581444761282e+01,1.430819528641094e-02,-3.909107410978160e-03,-1.092317115462205e+00
1.874049853467872e-01,1.875008666923534e+02,3.375139352444626e+00,1.088639045952226e+00,1.572580910350448e+00,-7.981306131997588e-01,2.120832112318935e-03,2.401706153398974e-04,3.018179654373650e+00,1.802707298872673e+01,1.408354643765426e-02,-3.900811343919028e-03,-1.088639045952226e+00
1.910456229953772e-01,1.911433669874244e+02,3.356848561933472e+00,1.084926038091017e+00,1.562823162919830e+00,-7.946967916907354e-01,2.110801333106220e-03,1.809730227065015e-04,3.002298881472160e+00,1.807797639306688e+01,1.386795959394875e-02,-3.908518730511219e-03,-1.084926038091018e+00
1.947175675116495e-01,1.948171901675989e+02,3.338459334591989e+00,1.081179250119741e+00,1.553137092132357e+00,-7.912338486083837e-01,2.063475085650746e-03,1.239202719115053e-04,2.986387838422043e+00,1.812854081994668e+01,1.366032622391961e-02,-3.930485642945975e-03,-1.081179250119742e+00
1.984206767898382e-01,1.985221940544060e+02,3.319964613477985e+00,1.077398374058206e+00,1.543516216869892e+00,-7.877387895295302e-01,1.995307603640707e-03,7.621227354724376e-05,2.970439602203041e+00,1.817877591937771e+01,1.345809054032875e-02,-3.962826098482031e-03,-1.077398374058208e+00
2.021548075180888e-01,2.022582352626691e+02,3.301350922245759e+00,1.073581618350271e+00,1.533968753844067e+00,-7.842101158944290e-01,1.915803847219272e-03,4.469956435448631e-05,2.954450647220048e+00,1.822868333189631e+01,1.325946966526655e-02,-3.999918189458356e-03,-1.073581618350272e+00
2.059198151840036e-01,2.060251692060541e+02,3.282644630512184e+00,1.069725496589329e+00,1.524512268521907e+00,-7.806486130472462e-01,1.845776384372181e-03,3.388526370846994e-05,2.938441197811710e+00,1.827826169726986e+01,1.306433908746413e-02,-4.036405952320842e-03,-1.069725496589330e+00
2.097155540802345e-01,2.098228501026651e+02,3.263872310166475e+00,1.065826216094375e+00,1.515159174828657e+00,-7.770572298437478e-01,1.798099749664989e-03,4.134195718049526e-05,2.922428850544754e+00,1.832751033411910e+01,1.287250109547100e-02,-4.070414947937378e-03,-1.065826216094376e+00
2.135418773101226e-01,2.136511309806872e+02,3.245033388771479e+00,1.061878746345941e+00,1.505902717919621e+00,-7.734402470885540e-01,1.745554093119629e-03,6.056303031842479e-05,2.906407426518521e+00,1.837642429198637e+01,1.268171152870021e-02,-4.103828611031538e-03,-1.061878746345942e+00
2.173986367933823e-01,2.175098636840728e+02,3.226108179565928e+00,1.057879583081091e+00,1.496730685792048e+00,-7.697969770567178e-01,1.651960290215172e-03,8.729675526068768e-05,2.890359224219533e+00,1.842499044447031e+01,1.249069184484610e-02,-4.142029098268099e-03,-1.057879583081092e+00
2.212856832718328e-01,2.213988988782768e+02,3.207087128202246e+00,1.053829042591317e+00,1.487617612724231e+00,-7.661213327858535e-01,1.501120352268583e-03,1.228337358801057e-04,2.874266891758896e+00,1.847319815731080e+01,1.230174334066633e-02,-4.192295053291158e-03,-1.053829042591317e+00
2.252028663151737e-01,2.253180860560345e+02,3.187985637829762e+00,1.049727222376261e+00,1.478539843266010e+00,-7.624114802520668e-01,1.321271719946166e-03,1.620876829992629e-04,2.858126351736016e+00,1.852104647574620e+01,1.211659012269297e-02,-4.263540710414967e-03,-1.049727222376262e+00
2.291500343268075e-01,2.292672735431877e+02,3.168802692400211e+00,1.045571832782519e+00,1.469504778829050e+00,-7.586703595350928e-01,1.166870117474106e-03,1.960021006855132e-04,2.841939652005890e+00,1.856853721263204e+01,1.193518596059812e-02,-4.363969282277120e-03,-1.045571832782520e+00
2.331270345497056e-01,2.332463085045534e+02,3.149509788715410e+00,1.041361721935892e+00,1.460543933290067e+00,-7.548960930979154e-01,1.057085997399284e-03,2.223240644834983e-04,2.825707721970685e+00,1.861567368553297e+01,1.175829957974218e-02,-4.494667702294591e-03,-1.041361721935893e+00
2.371337130723211e-01,2.372550369498392e+02,3.130119713552508e+00,1.037098889435075e+00,1.451685368209979e+00,-7.510804860048548e-01,9.714330964437641e-04,2.401994226518570e-04,2.809451985598781e+00,1.866246356498560e+01,1.158686068836122e-02,-4.649055982631984e-03,-1.037098889435075e+00
2.411699148345444e-01,2.412933037396029e+02,3.110679194948620e+00,1.032787369654304e+00,1.442911849216342e+00,-7.472147012003147e-01,8.747810196727045e-04,2.470849000418267e-04,2.793189206909633e+00,1.870891747575975e+01,1.142113155881763e-02,-4.815384810121501e-03,-1.032787369654304e+00
2.452354836337044e-01,2.453609525912558e+02,3.091212551864676e+00,1.028433440598254e+00,1.434174524308075e+00,-7.432994385999260e-01,7.496104698057874e-04,2.431038620492533e-04,2.776910258385502e+00,1.875504590039034e+01,1.126037817268372e-02,-4.981174287874165e-03,-1.028433440598255e+00
2.493302621306134e-01,2.494578260851113e+02,3.071733742657980e+00,1.024044944323820e+00,1.425440606519898e+00,-7.393484825451151e-01,6.198655716489406e-04,2.314289551173086e-04,2.760609646750849e+00,1.880085398524058e+01,1.110261232604614e-02,-5.133215061873213e-03,-1.024044944323822e+00
2.534540918556565e-01,2.535837656704775e+02,3.052262828241875e+00,1.019630302482006e+00,1.416706521429431e+00,-7.353766709447961e-01,5.228915619365154e-04,2.144811270896176e-04,2.744299826076656e+00,1.884634054098931e+01,1.094712486151990e-02,-5.260033812136373e-03,-1.019630302482007e+00
2.576068132149244e-01,2.577386116717925e+02,3.032791197369852e+00,1.015194163918486e+00,1.407980911162291e+00,-7.313869940521518e-01,4.625002366864571e-04,1.949156123964669e-04,2.727983136225315e+00,1.889150726881497e+01,1.079549224660286e-02,-5.354921053158253e-03,-1.015194163918486e+00
2.617882654963896e-01,2.619222032948041e+02,3.013292730322897e+00,1.010735944499626e+00,1.399270179664835e+00,-7.273741149810656e-01,4.212330230382891e-04,1.704066591709073e-04,2.711649427243679e+00,1.893636014845406e+01,1.064735053209375e-02,-5.419829593799811e-03,-1.010735944499627e+00
2.659982868761259e-01,2.661343786327930e+02,2.993729843797781e+00,1.006252106544629e+00,1.390588686952023e+00,-7.233325308811795e-01,3.992941766160104e-04,1.416485366825478e-04,2.695285318647216e+00,1.898089965761794e+01,1.050116177309834e-02,-5.466216991999153e-03,-1.006252106544630e+00
2.702367144245715e-01,2.703749746728381e+02,2.974052308460501e+00,1.001737949610994e+00,1.381929024258547e+00,-7.192531308146273e-01,4.195493405884019e-04,1.125622845017869e-04,2.678859641165021e+00,1.902512635862251e+01,1.035854163811233e-02,-5.504956435566574e-03,-1.001737949610995e+00
2.745033841128339e-01,2.746438273021254e+02,2.954249826094688e+00,9.971900278141186e-01,1.373250652992035e+00,-7.151284538286520e-01,4.934465181128043e-04,9.206028278079354e-05,2.662345253450421e+00,1.906905049648189e+01,1.022151790822499e-02,-5.537717287163277e-03,-9.971900278141191e-01
2.787981308190384e-01,2.789407713142996e+02,2.934331530354540e+00,9.926069510041374e-01,1.364520803476145e+00,-7.109554381381445e-01,6.090885474951818e-04,9.106664276582209e-05,2.645729642417411e+00,1.911268869910874e+01,1.009104614030790e-02,-5.559787859934902e-03,-9.926069510041380e-01
2.831207883347180e-01,2.832656404158570e+02,2.914286008014877e+00,9.879872763968145e-01,1.355744694105665e+00,-7.067318979956274e-01,7.435583241015912e-04,1.142853518127100e-04,2.629008989258678e+00,1.915606029123499e+01,9.966779654164535e-03,-5.572017683244149e-03,-9.879872763968157e-01
2.874711893712457e-01,2.876182672325814e+02,2.894122557252151e+00,9.833296831431685e-01,1.346925330010360e+00,-7.024684139050654e-01,9.055079317872251e-04,1.554735836125544e-04,2.612188785202840e+00,1.919917871258393e+01,9.846439816722400e-03,-5.579605738533808e-03,-9.833296831431692e-01
2.918491655663092e-01,2.919984833160217e+02,2.873876385381985e+00,9.786340213674142e-01,1.338060579721544e+00,-6.981841281557928e-01,1.122230662759825e-03,1.986274725747279e-04,2.595285493235472e+00,1.924204959077194e+01,9.728922365652606e-03,-5.584903386189044e-03,-9.786340213674154e-01
2.962545474904260e-01,2.964061191500110e+02,2.853578844425652e+00,9.738989549156037e-01,1.329180838919251e+00,-6.938923965895232e-01,1.388791954421490e-03,2.280512049437314e-04,2.578329319130253e+00,1.928467679275305e+01,9.614100555082709e-03,-5.586057338488141e-03,-9.738989549156046e-01
3.006871646535006e-01,3.008410041572264e+02,2.833255171091731e+00,9.691226741523126e-01,1.320313625040630e+00,-6.895922981890057e-01,1.675135502245680e-03,2.415093375968711e-04,2.561345735142337e+00,1.932706601535848e+01,9.503078187980254e-03,-5.577492531725577e-03,-9.691226741523133e-01
3.051468455114226e-01,3.053029667057910e+02,2.812937863608308e+00,9.643016612029283e-01,1.311480676236546e+00,-6.852712899275301e-01,1.961816879298488e-03,2.433774462160795e-04,2.544360100523891e+00,1.936922931498280e+01,9.396663199605129e-03,-5.558280894893592e-03,-9.643016612029287e-01
3.096334174727051e-01,3.097918341159157e+02,2.792640964603355e+00,9.594306470623057e-01,1.302700252686074e+00,-6.809197566751184e-01,2.234162870029792e-03,2.381591297335344e-04,2.527385932175868e+00,1.941117543718480e+01,9.292524744075785e-03,-5.532405699828544e-03,-9.594306470623066e-01
3.141467069051650e-01,3.143074326665824e+02,2.772353833622699e+00,9.545097152417112e-01,1.293989255545055e+00,-6.765326863037946e-01,2.509914393362626e-03,2.267898284271382e-04,2.510426402204732e+00,1.945290149869057e+01,9.188318093416631e-03,-5.506701863863169e-03,-9.545097152417119e-01
3.186865391426417e-01,3.188495876022668e+02,2.752075365088365e+00,9.495453754304436e-01,1.285353442290696e+00,-6.721035937833510e-01,2.809029868186522e-03,2.106946689560521e-04,2.493487091404752e+00,1.949439803673978e+01,9.083538574966609e-03,-5.487705524472993e-03,-9.495453754304441e-01
3.232527384917572e-01,3.234181231397014e+02,2.731793706114724e+00,9.445463634291922e-01,1.276763895025792e+00,-6.676270900332747e-01,3.105319444160557e-03,1.905438495797092e-04,2.476551982284854e+00,1.953566019129740e+01,8.980854394170320e-03,-5.478304883431409e-03,-9.445463634291926e-01
3.278451282387153e-01,3.280128624746786e+02,2.711502342847674e+00,9.395188698242042e-01,1.268173929540453e+00,-6.631026617552590e-01,3.359110858962924e-03,1.633429164185172e-04,2.459597571106166e+00,1.957669693097406e+01,8.882332973658508e-03,-5.479116204208048e-03,-9.395188698242053e-01
3.324635306561408e-01,3.326336277888933e+02,2.691227692537879e+00,9.344678384830957e-01,1.259551640387971e+00,-6.585396373995955e-01,3.554344486042687e-03,1.215936458836137e-04,2.442623585704473e+00,1.961751748449396e+01,8.786310241766069e-03,-5.487102039728993e-03,-9.344678384830966e-01
3.371077670099574e-01,3.372802402568240e+02,2.670958435877492e+00,9.293993907382508e-01,1.250881064113501e+00,-6.539474251480250e-01,3.699381230140782e-03,6.390914096960468e-05,2.425619445364622e+00,1.965812265352434e+01,8.691172214008856e-03,-5.495526677300780e-03,-9.293993907382512e-01
3.417776575663045e-01,3.419525200526535e+02,2.650648563939949e+00,9.243165828569160e-01,1.242152095509657e+00,-6.493363654116394e-01,3.804077656806945e-03,-8.612785359147715e-08,2.408558621153261e+00,1.969850841681587e+01,8.596369163821227e-03,-5.496133346170674e-03,-9.243165828569169e-01
3.464730215984939e-01,3.466502863572291e+02,2.630293503903153e+00,9.192159017763013e-01,1.233385786491475e+00,-6.447171088826342e-01,3.879474740299559e-03,-6.537520343084922e-05,2.391447596085465e+00,1.973867059938006e+01,8.502306636291229e-03,-5.487752019884527e-03,-9.192159017763021e-01
3.511936773940029e-01,3.513733573650591e+02,2.609916781799663e+00,9.140905325593266e-01,1.224586946207982e+00,-6.400942470831918e-01,3.930657126114618e-03,-1.291777473956931e-04,2.374297130283486e+00,1.977860718966149e+01,8.409183231698593e-03,-5.474549384623284e-03,-9.140905325593276e-01
3.559394422615072e-01,3.561215502913495e+02,2.589540281417204e+00,9.089359408304526e-01,1.215723663817272e+00,-6.354661759577980e-01,3.947592321295230e-03,-1.886768952071697e-04,2.357099943032464e+00,1.981831604776443e+01,8.317025951772803e-03,-5.458504163510879e-03,-9.089359408304534e-01
3.607101325379513e-01,3.608946813790780e+02,2.569169849170572e+00,9.037501750383514e-01,1.206791821438775e+00,-6.308262862709407e-01,3.920704757421010e-03,-2.423299096791689e-04,2.339855922823849e+00,1.985779897633726e+01,8.227529490983852e-03,-5.439247845256092e-03,-9.037501750383523e-01
3.655055635956559e-01,3.656925659061049e+02,2.548765401908160e+00,8.985307110776893e-01,1.197823527350054e+00,-6.261625782639667e-01,3.836093677386120e-03,-2.854438046658593e-04,2.322559820167952e+00,1.989706753482636e+01,8.142324749478095e-03,-5.416551003493600e-03,-8.985307110776909e-01
3.703255498494633e-01,3.705150181923221e+02,2.528274290440777e+00,8.932736256278082e-01,1.188851059371510e+00,-6.214696372224745e-01,3.699072067654557e-03,-3.129888650221072e-04,2.305199487720048e+00,1.993613294832236e+01,8.059248325119768e-03,-5.393461140125554e-03,-8.932736256278094e-01
3.751699047639196e-01,3.753618516068394e+02,2.507707454458907e+00,8.879759024733060e-01,1.179897081800464e+00,-6.167566638722015e-01,3.550148775580429e-03,-3.245041876315930e-04,2.287790219366339e+00,1.997499230296973e+01,7.975663605870216e-03,-5.375696287864060e-03,-8.879759024733067e-01
3.800384408604939e-01,3.802328785752067e+02,2.487111224506799e+00,8.826371373136410e-01,1.170993432350807e+00,-6.120317254651327e-01,3.434061346235441e-03,-3.246404558562912e-04,2.270370897085624e+00,2.001363822826133e+01,7.892263908575290e-03,-5.366074869213619e-03,-8.826371373136420e-01
3.849309697248332e-01,3.851279105866734e+02,2.466507257630009e+00,8.772606552998701e-01,1.162166661136186e+00,-6.072879742241140e-01,3.361078582877416e-03,-3.130812561547748e-04,2.252967287033032e+00,2.005207041163783e+01,7.810668343360120e-03,-5.359094153695209e-03,-8.772606552998711e-01
3.898473020140548e-01,3.900467582014840e+02,2.445872010127562e+00,8.718515829787886e-01,1.153392431444048e+00,-6.025129718783351e-01,3.331513770965655e-03,-2.896720211366014e-04,2.235558012275199e+00,2.009029143712189e+01,7.729963804317526e-03,-5.346854890121746e-03,-8.718515829787890e-01
3.947872474640737e-01,3.949892310582092e+02,2.425184800255204e+00,8.664105891101618e-01,1.144649861701285e+00,-5.977018871359533e-01,3.339829495787013e-03,-2.561784061899352e-04,2.218122625533325e+00,2.012829525508564e+01,7.648526889492642e-03,-5.329256626004591e-03,-8.664105891101624e-01
3.997506148969654e-01,3.999551378811130e+02,2.404437551130042e+00,8.609343534587524e-01,1.135925465430822e+00,-5.928494322862202e-01,3.367591087182274e-03,-2.135421973539646e-04,2.200648685009808e+00,2.016607764996188e+01,7.568851897532277e-03,-5.312123449634137e-03,-8.609343534587534e-01
4.047372122283656e-01,4.049442864875555e+02,2.383640925865233e+00,8.554184907685886e-01,1.127171825239719e+00,-5.879533164693408e-01,3.414360056663561e-03,-1.636361450105343e-04,2.183115620936770e+00,2.020364854909563e+01,7.492703015594713e-03,-5.297456988267686e-03,-8.554184907685894e-01
4.097468464749029e-01,4.099564837954301e+02,2.362850861090901e+00,8.498583982567285e-01,1.118351970117764e+00,-5.830220327890425e-01,3.482718596429494e-03,-1.123485686551335e-04,2.165530614732696e+00,2.024101563529071e+01,7.417855189422438e-03,-5.284424382246396e-03,-8.498583982567295e-01
4.147793237616680e-01,4.149915358306359e+02,2.342144341018114e+00,8.442513413824007e-01,1.109470266035987e+00,-5.780652107344995e-01,3.569637006829929e-03,-6.512072671426323e-05,2.147932974218251e+00,2.027817736770999e+01,7.343663047623866e-03,-5.275599322919066e-03,-8.442513413824017e-01
4.198344493297166e-01,4.200492477345846e+02,2.321547009274008e+00,8.385998415409297e-01,1.100551871468851e+00,-5.730851806283072e-01,3.655496493469670e-03,-1.981247904886149e-05,2.130349361141894e+00,2.031513676859538e+01,7.272005280937889e-03,-5.272957354791275e-03,-8.385998415409306e-01
4.249120275436065e-01,4.251294237717419e+02,2.301024367124396e+00,8.329094291895482e-01,1.091640761906272e+00,-5.680803518434098e-01,3.713541352637959e-03,2.467799014161681e-05,2.112787279110108e+00,2.035190437124794e+01,7.203411992642955e-03,-5.278524702161022e-03,-8.329094291895486e-01
4.300118618989687e-01,4.302318673372020e+02,2.280539909969908e+00,8.271870502645121e-01,1.082748361425268e+00,-5.630492164419746e-01,3.723984593908593e-03,6.868200230884501e-05,2.095237660829844e+00,2.038848886609656e+01,7.136904908728230e-03,-5.288775973269252e-03,-8.271870502645124e-01
4.351337550301125e-01,4.353563809642966e+02,2.260068524320189e+00,8.214397601365220e-01,1.073826565119546e+00,-5.579927397618121e-01,3.687536789140477e-03,1.089519087036530e-04,2.077667424788128e+00,2.042489490653949e+01,7.072004020702586e-03,-5.293537616555269e-03,-8.214397601365229e-01
4.402775087176636e-01,4.405027663322372e+02,2.239581617515107e+00,8.156713382175629e-01,1.064852041978056e+00,-5.529085939125435e-01,3.620687258815254e-03,1.420915441359134e-04,2.060052498855363e+00,2.046112711626671e+01,7.009045190999137e-03,-5.290637692505945e-03,-8.156713382175638e-01
4.454429238962351e-01,4.456708242737897e+02,2.219035587456830e+00,8.098825563485704e-01,1.055843990451504e+00,-5.477943451607021e-01,3.543713863614939e-03,1.726557561101313e-04,2.042381067128452e+00,2.049719176054607e+01,6.947966123666645e-03,-5.285365021626714e-03,-8.098825563485709e-01
4.506298006621312e-01,4.508603547829823e+02,2.198406573855651e+00,8.040761923319522e-01,1.046824576553290e+00,-5.426495199205388e-01,3.466555122501603e-03,2.074206498796759e-04,2.024653671370447e+00,2.053309082768990e+01,6.887126922022121e-03,-5.280104450058003e-03,-8.040761923319530e-01
4.558379382810842e-01,4.560711570228464e+02,2.177709945054472e+00,7.982574588191383e-01,1.037786992785581e+00,-5.374716113202918e-01,3.381023033972608e-03,2.495797463119483e-04,2.006877198329596e+00,2.056881689165541e+01,6.824969827943467e-03,-5.273950761603223e-03,-7.982574588191390e-01
4.610671351960224e-01,4.613030293331883e+02,2.156981851405766e+00,7.924303346294574e-01,1.028703681467179e+00,-5.322621831297171e-01,3.279119169814181e-03,2.944770894153473e-04,1.989057933751202e+00,2.060435893130804e+01,6.761730681743647e-03,-5.268279208419265e-03,-7.924303346294582e-01
4.663171890348708e-01,4.665557692383943e+02,2.136264156164442e+00,7.865942508361274e-01,1.019545599668366e+00,-5.270300136709121e-01,3.167406074027867e-03,3.294684665447468e-04,1.971202003334468e+00,2.063971022104818e+01,6.698444240837743e-03,-5.273312933056517e-03,-7.865942508361276e-01
4.715878966183829e-01,4.718291734552656e+02,2.115596302569902e+00,7.807438091465394e-01,1.010314290380717e+00,-5.217847159576825e-01,3.043816797342591e-03,3.432520505311477e-04,1.953327201048579e+00,2.067486505474249e+01,6.634136645951588e-03,-5.302318813121885e-03,-7.807438091465403e-01
4.768790539680035e-01,4.771230379008866e+02,2.095008930481817e+00,7.748729047468745e-01,1.001051946342791e+00,-5.16533340464749e-01,2.914494976206587e-03,3.407383491547242e-04,1.935466890785741e+00,2.070981028656569e+01,6.567794354028994e-03,-5.351669143464992e-03,-7.748729047468750e-01
4.821904563137631e-01,4.824371577005220e+02,2.074509579834835e+00,7.689789464669781e-01,9.918050107271373e-01,-5.112751913243346e-01,2.786064832646974e-03,3.323963791049085e-04,1.917646768514475e+00,2.074453312925593e+01,6.500211621355209e-03,-5.406604202154291e-03,-7.689789464669791e-01
4.875218981022029e-01,4.877713271955462e+02,2.054100636320492e+00,7.630642556436437e-01,9.826007354485419e-01,-5.060054069479079e-01,2.642810224597847e-03,3.245565766320658e-04,1.899882813706339e+00,2.077902332637945e+01,6.431490966757439e-03,-5.454163802361583e-03,-7.630642556436444e-01
4.928731730043289e-01,4.931253399514019e+02,2.033760233661507e+00,7.571357032751971e-01,9.734484233044591e-01,-5.007209729210815e-01,2.487412546640641e-03,3.210682575124569e-04,1.882172180120581e+00,2.081327472154797e+01,6.363676669745589e-03,-5.482682403789161e-03,-7.571357032751976e-01
4.982440739235977e-01,4.984989887655898e+02,2.013453875565743e+00,7.511997681829298e-01,9.643233908281118e-01,-4.954232544429761e-01,2.343329548302297e-03,3.250266732238537e-04,1.864488517288392e+00,2.084729635416585e+01,6.299355213284914e-03,-5.487299983460814e-03,-7.511997681829302e-01
5.036343930039309e-01,5.038920656756867e+02,1.993182611202717e+00,7.452574918510295e-01,9.551665058217506e-01,-4.901154394522346e-01,2.230494326296371e-03,3.322911721857346e-04,1.846803304437748e+00,2.088110243610312e+01,6.237907346178173e-03,-5.475256271181791e-03,-7.452574918510303e-01
5.090439216377594e-01,5.093043619673944e+02,1.972969876796985e+00,7.393037521487446e-01,9.459596317574526e-01,-4.847950666889552e-01,2.159137182052260e-03,3.291140420795012e-04,1.829116630351591e+00,2.091470274540877e+01,6.178817702204037e-03,-5.468365459787709e-03,-7.393037521487453e-01
5.144724504740960e-01,5.147356681826161e+02,1.952831747709353e+00,7.333308613310012e-01,9.367276629940425e-01,-4.794563801494501e-01,2.140593835212732e-03,3.111506492522549e-04,1.811445136017199e+00,2.094810569154026e+01,6.121536818811720e-03,-5.485017668469481e-03,-7.333308613310016e-01
5.199197694266384e-01,5.201857741275639e+02,1.932765653829501e+00,7.273344691348508e-01,9.274928721993420e-01,-4.740985218935017e-01,2.166245266556576e-03,2.887231690442176e-04,1.793796497581847e+00,2.098131388334980e+01,6.064815075456102e-03,-5.522966038588962e-03,-7.273344691348516e-01
5.253856676818986e-01,5.256544688808921e+02,1.912726651023080e+00,7.213163842569282e-01,9.182449549733315e-01,-4.687161621977021e-01,2.217748307495797e-03,2.698503484581514e-04,1.776143995126670e+00,2.101432662347630e+01,6.008684357739937e-03,-5.567378543007505e-03,-7.213163842569291e-01
5.308699337073626e-01,5.311415408018609e+02,1.892659713789887e+00,7.152811051449055e-01,9.089451604162980e-01,-4.633014551252327e-01,2.278929644196168e-03,2.533225852350199e-04,1.758442989675545e+00,2.104714340431545e+01,5.952787587720298e-03,-5.607994521372313e-03,-7.152811051449059e-01
5.363723552596753e-01,5.366467775385260e+02,1.872559529838501e+00,7.092340654995816e-01,8.995741741067943e-01,-4.578557639463605e-01,2.331586142324771e-03,2.355389055486323e-04,1.740683884722438e+00,2.107975961423608e+01,5.896236188724115e-03,-5.644824679298297e-03,-7.092340654995825e-01
5.418927193928555e-01,5.421699660359574e+02,1.852431590717807e+00,7.031833374327443e-01,8.901382724603618e-01,-4.523840633067716e-01,2.370383150065462e-03,2.139280175609955e-04,1.722876600305457e+00,2.111216626702568e+01,5.838269205716106e-03,-5.678254599025286e-03,-7.031833374327449e-01
5.474308124665372e-01,5.477108925444850e+02,1.832288996739739e+00,6.971369416279133e-01,8.806597458256206e-01,-4.468925581658608e-01,2.400069823422094e-03,1.882242967414752e-04,1.705042842096636e+00,2.114435170134385e+01,5.779006772364067e-03,-5.710566750632695e-03,-6.971369416279140e-01
5.529864201542367e-01,5.532693426279700e+02,1.812137738793376e+00,6.911023539984810e-01,8.711420356217719e-01,-4.413829525732501e-01,2.438555980737997e-03,1.614512454065111e-04,1.687191064206814e+00,2.117630920753091e+01,5.719836535442354e-03,-5.749728001909617e-03,-6.911023539984817e-01
5.585593274516474e-01,5.588451011721039e+02,1.791953740531306e+00,6.850870293836890e-01,8.615753216826798e-01,-4.358522252236482e-01,2.508276498528123e-03,1.388222897594131e-04,1.669308045798837e+00,2.120803793629369e+01,5.661218430944739e-03,-5.800552071892160e-03,-6.850870293836897e-01
5.641493186849607e-01,5.644379523927338e+02,1.771721361688233e+00,6.790971763001251e-01,8.519797186657860e-01,-4.302967014911225e-01,2.604382337279519e-03,1.223652238437635e-04,1.651399128327072e+00,2.123953736645212e+01,5.603108476852053e-03,-5.858088105159286e-03,-6.790971763001259e-01
5.697561775192130e-01,5.700476798442133e+02,1.751444362188002e+00,6.731385519016245e-01,8.423797378466307e-01,-4.247160141469315e-01,2.703411315767004e-03,1.085321479531844e-04,1.633481325968128e+00,2.127080846736074e+01,5.545993133382803e-03,-5.914904230308608e-03,-6.731385519016247e-01
5.753796869666574e-01,5.756740664277788e+02,1.731133201011884e+00,6.672170245546184e-01,8.327840625502413e-01,-4.191128830913640e-01,2.777634298081262e-03,9.480817371409526e-05,1.615567144058372e+00,2.130185389972441e+01,5.489822312010552e-03,-5.968168810247037e-03,-6.672170245546187e-01
5.810196293951613e-01,5.813168943999515e+02,1.710794690656585e+00,6.613354719244938e-01,8.232279704512060e-01,-4.134925155792308e-01,2.820529597946350e-03,8.220632433041327e-05,1.597679066516143e+00,2.133267590483520e+01,5.434783986973096e-03,-6.014720838488630e-03,-6.613354719244946e-01
5.866757865366288e-01,5.869759453809636e+02,1.690418400105027e+00,6.554939161506935e-01,8.137587594700419e-01,-4.078601975989523e-01,2.846910241137457e-03,7.212144548149261e-05,1.579835537862881e+00,2.136327982036958e+01,5.381326076628039e-03,-6.055628762854958e-03,-6.554939161506942e-01
5.923479394954485e-01,5.926510003632111e+02,1.670012789976399e+00,6.496908898710338e-01,8.043479896158903e-01,-4.022228394832562e-01,2.893241863851545e-03,6.176419346142449e-05,1.562025834731662e+00,2.139366627624143e+01,5.327060965387559e-03,-6.101314193924750e-03,-6.496908898710345e-01
5.980358687569639e-01,5.983418397197278e+02,1.649599083024245e+00,6.439221749460901e-01,7.949450574991287e-01,-3.965831292697289e-01,2.980913844810822e-03,4.788865152077484e-05,1.544233157734732e+00,2.142382108763059e+01,5.270348093761462e-03,-6.159073245601609e-03,-6.439221749460905e-01
6.037393541959690e-01,6.040482432126860e+02,1.629166412397095e+00,6.381829233734881e-01,7.855554389257861e-01,-3.909352895185833e-01,3.096869369929478e-03,3.010465713192662e-05,1.526452387348185e+00,2.145373229302844e+01,5.213108234833040e-03,-6.224567272996288e-03,-6.381829233734891e-01
6.094581750852277e-01,6.097699900019195e+02,1.608725885835553e+00,6.324701592666354e-01,7.761970126596369e-01,-3.852751788760778e-01,3.219894524413760e-03,6.886520985350641e-06,1.508696528880912e+00,2.148339665662567e+01,5.155835184756263e-03,-6.292651611003250e-03,-6.324701592666361e-01
6.151921101040150e-01,6.155068586534699e+02,1.588303988236911e+00,6.267796385579074e-01,7.668583018376124e-01,-3.796006440259928e-01,3.341984623115825e-03,-2.489213538861729e-05,1.490970964316215e+00,2.151281019413375e+01,5.098485253816021e-03,-6.367480643132781e-03,-6.267796385579076e-01
6.209409373466837e-01,6.212586271481572e+02,1.567887624478029e+00,6.211062201962557e-01,7.575428120467433e-01,-3.739085614168765e-01,3.474277406527598e-03,-6.801342665987015e-05,1.473268328360514e+00,2.154197229565220e+01,5.041866719992812e-03,-6.457065383682875e-03,-6.211062201962558e-01
6.267044343312507e-01,6.270250728901707e+02,1.547459193837594e+00,6.154505224094016e-01,7.482724848976632e-01,-3.681952493990399e-01,3.624138893411266e-03,-1.203012632700127e-04,1.455591100572330e+00,2.157088280316883e+01,4.985175999579424e-03,-6.565682032118391e-03,-6.154505224094017e-01
6.324823780080080e-01,6.328059727156842e+02,1.527053526180601e+00,6.098191291704153e-01,7.390534753224582e-01,-3.624615488604493e-01,3.783103721729640e-03,-1.722896118462815e-04,1.437963065336737e+00,2.159953520495008e+01,4.927441968933927e-03,-6.690469690175232e-03,-6.098191291704158e-01
6.382745447681553e-01,6.386011029014932e+02,1.506731143742190e+00,6.042178992096602e-01,7.298810678023373e-01,-3.567105697386874e-01,3.929483390228796e-03,-2.161641244943686e-04,1.420415055377094e+00,2.162792050645199e+01,4.868705735160933e-03,-6.829647245085405e-03,-6.042178992096608e-01
6.440807104524520e-01,6.444102391736714e+02,1.486528066560569e+00,5.986506283390720e-01,7.207479420914414e-01,-3.509484872678089e-01,4.051389206786133e-03,-2.489118820423253e-04,1.402963318495541e+00,2.165603131978689e+01,4.809379175175689e-03,-6.985321344871170e-03,-5.986506283390722e-01
6.499006503598943e-01,6.502331567162519e+02,1.466456497929891e+00,5.931216202088412e-01,7.116266235418085e-01,-3.451773881815468e-01,4.172951322049504e-03,-2.725738272312998e-04,1.385602370840270e+00,2.168386170752449e+01,4.749454842511266e-03,-7.160765206489207e-03,-5.931216202088420e-01
6.557341392564099e-01,6.560696301799267e+02,1.446513761014727e+00,5.876350563535744e-01,7.025154833797234e-01,-3.393945411175471e-01,4.318941148914544e-03,-2.894272026446194e-04,1.368332150374012e+00,2.171140648034095e+01,4.689537168280390e-03,-7.359000508068265e-03,-5.876350563535748e-01
6.615809513835750e-01,6.619194336907681e+02,1.426662543155766e+00,5.821957332088378e-01,6.934365430045872e-01,-3.335997494293815e-01,4.480763077619237e-03,-2.951607694319286e-04,1.351147409684595e+00,2.173866623691672e+01,4.630399896611250e-03,-7.573566949598069e-03,-5.821957332088384e-01
6.674408604673514e-01,6.677823408589701e+02,1.406873055588866e+00,5.768080915287160e-01,6.844154866678219e-01,-3.278001710053731e-01,4.632739896036790e-03,-2.839350679835669e-04,1.334048316892702e+00,2.176563711439002e+01,4.569575127209455e-03,-7.788858122136831e-03,-5.768080915287165e-01
6.733136397268433e-01,6.736581247876098e+02,1.387152225421234e+00,5.714746830625338e-01,6.754836850719848e-01,-3.220040027561122e-01,4.758918334370038e-03,-2.533603340494347e-04,1.317055296777876e+00,2.179230010109846e+01,4.505642217412986e-03,-7.987452886943844e-03,-5.714746830625342e-01
6.791990618830738e-01,6.795465580814283e+02,1.367496606454260e+00,5.661954276984799e-01,6.666547694726424e-01,-3.162084991438188e-01,4.850973539062457e-03,-2.087552711048751e-04,1.300173401812691e+00,2.181864075327568e+01,4.441030401332600e-03,-8.157026264186924e-03,-5.661954276984802e-01
6.850968991677804e-01,6.854474128556309e+02,1.347892001169196e+00,5.609679199986779e-01,6.579422915427907e-01,-3.104050240065528e-01,4.906614579948064e-03,-1.624482942893850e-04,1.283401106355332e+00,2.184465689411370e+01,4.376705849492411e-03,-8.295026635117789e-03,-5.609679199986780e-01
6.910069233322305e-01,6.913604607447070e+02,1.328345972816712e+00,5.557891580368034e-01,6.493482272091693e-01,-3.045922339354716e-01,4.930215261940158e-03,-1.237922832154113e-04,1.266741679031342e+00,2.187034422818127e+01,4.311403758157999e-03,-8.405978484762655e-03,-5.557891580368043e-01
6.969289056560539e-01,6.972854729112669e+02,1.308874727840906e+00,5.506586248865039e-01,6.408552304225013e-01,-2.987735015454741e-01,4.926516739223108e-03,-9.308783116138901e-05,1.250194291574956e+00,2.189569127878161e+01,4.244242708684650e-03,-8.493783096337531e-03,-5.506586248865043e-01
7.028626169560948e-01,7.032222200548985e+02,1.289503848556596e+00,5.455787517357650e-01,6.324639788236255e-01,-2.929491422366123e-01,4.895595036251506e-03,-6.770878731802501e-05,1.233773289557993e+00,2.192068451064587e+01,4.175398274170508e-03,-8.559376714899590e-03,-5.455787517357658e-01
7.088078275952812e-01,7.091704724210417e+02,1.270269809914119e+00,5.405520058335662e-01,6.241872257753445e-01,-2.871160148917108e-01,4.828669172573586e-03,-4.764337753676342e-05,1.217504520761515e+00,2.194531366398945e+01,4.105709983154963e-03,-8.601876147922401e-03,-5.405520058335666e-01
7.147643074915118e-01,7.15129998098789e+02,1.251175795614869e+00,5.355812112841370e-01,6.160232217006523e-01,-2.812712244252214e-01,4.720816931777587e-03,-3.628743859972787e-05,1.201390114299829e+00,2.196957457163243e+01,4.036391459296566e-03,-8.619812581744546e-03,-5.355812112841375e-01
7.207318261265605e-01,7.211005715852449e+02,1.232205662870890e+00,5.306683546761467e-01,6.079552368542654e-01,-2.754108759343911e-01,4.586221704552550e-03,-3.329992385910769e-05,1.185414627200651e+00,2.199347126635223e+01,3.968767389158964e-03,-8.608442815538540e-03,-5.306683546761471e-01
7.267101525549977e-01,7.270819566835522e+02,1.213357215077480e+00,5.258134623070725e-01,5.999729565533748e-01,-2.695255888418436e-01,4.460101970736280e-03,-3.517574834754189e-05,1.169571816968964e+00,2.201701031320592e+01,3.901944415843270e-03,-8.562260733721634e-03,-5.258134623070729e-01
7.326990554131275e-01,7.330739236227332e+02,1.194649616761501e+00,5.210171200227075e-01,5.920763343806492e-01,-2.636108154021595e-01,4.381867868410928e-03,-4.031348812516182e-05,1.153871535582429e+00,2.204018795980841e+01,3.834160510343234e-03,-8.483460675419958e-03,-5.210171200227078e-01
7.386983029279417e-01,7.390762405111985e+02,1.176101840213524e+00,5.162826888952426e-01,5.842810248356802e-01,-2.576684931000721e-01,4.366641902040836e-03,-4.899895356237667e-05,1.138332776972224e+00,2.206299772397174e+01,3.766255558384757e-03,-8.378799419468005e-03,-5.162826888952429e-01
7.447076629260898e-01,7.450886750568116e+02,1.157724313512701e+00,5.116171823470133e-01,5.765974221004382e-01,-2.517034386550294e-01,4.407654207327366e-03,-6.079012316896216e-05,1.122969458980076e+00,2.208543774581350e+01,3.698097106207938e-03,-8.254265430544260e-03,-5.116171823470137e-01
7.507269028428641e-01,7.511109945758784e+02,1.139533762667848e+00,5.070298725177311e-01,5.690246850022441e-01,-2.457237167641547e-01,4.490855209966246e-03,-7.631341646667873e-05,1.107794160093912e+00,2.210749953778250e+01,3.628345180654201e-03,-8.115457933830939e-03,-5.070298725177318e-01
7.567557897311997e-01,7.571429660021523e+02,1.121556087914141e+00,5.025274482285601e-01,5.615857618235139e-01,-2.397363887761105e-01,4.593453291973390e-03,-9.725496031083911e-05,1.092834648983108e+00,2.212917308785472e+01,3.557933819932230e-03,-7.968063986361986e-03,-5.025274482285604e-01
7.627940902706903e-01,7.631843558958540e+02,1.103803806166781e+00,4.981114717849118e-01,5.543154680320517e-01,-2.337448411962301e-01,4.687656743795198e-03,-1.203667191124407e-04,1.078115372991872e+00,2.215045663280289e+01,3.488112172236492e-03,-7.815150011396717e-03,-4.981114717849124e-01
7.688415707766171e-01,7.692349304527054e+02,1.086269496891951e+00,4.937800309725789e-01,5.472329622316986e-01,-2.277506458420023e-01,4.759577417329012e-03,-1.443393978061720e-04,1.063641245048114e+00,2.217135138258722e+01,3.418541869499295e-03,-7.656089112716353e-03,-4.937800309725794e-01
7.748979972089929e-01,7.752944555129783e+02,1.068959599272101e+00,4.895298247972996e-01,5.403381099049581e-01,-2.217552828246603e-01,4.795251410283653e-03,-1.690693110584108e-04,1.049413766987179e+00,2.219185275812358e+01,3.347860338950655e-03,-7.487220067369319e-03,-4.895298247973001e-01
7.809631351816195e-01,7.813626965705564e+02,1.051876844742297e+00,4.853591523829617e-01,5.336222599335176e-01,-2.157589947711945e-01,4.781265869263074e-03,-1.919283817772381e-04,1.035429128529388e+00,2.221195037632577e+01,3.275946056270086e-03,-7.302070049172701e-03,-4.853591523829621e-01
7.870367499711586e-01,7.874394187820106e+02,1.035003999622151e+00,4.812698866342899e-01,5.270775412102962e-01,-2.097595414750636e-01,4.714510743474521e-03,-2.090956503404015e-04,1.021675713733369e+00,2.223163939959198e+01,3.204331508715424e-03,-7.098514257368472e-03,-4.812698866342904e-01
7.931186065262155e-01,7.935243869756878e+02,1.018331091988623e+00,4.772678060231894e-01,5.207017371947692e-01,-2.037521555446637e-01,4.593791281063832e-03,-2.151454225776777e-04,1.008150317603291e+00,2.225091960455944e+01,3.132415796875082e-03,-6.880063204123364e-03,-4.772678060231900e-01
7.992084694764355e-01,7.996173656608116e+02,1.001887873612153e+00,4.733611133091924e-01,5.144854469813208e-01,-1.977349499373606e-01,4.432637805627267e-03,-2.146070689675779e-04,9.948672169513331e-01,2.226978028033049e+01,3.058098356991785e-03,-6.658684657323717e-03,-4.733611133091929e-01
8.053061031416138e-01,8.057181190365968e+02,9.857122302107028e-01,4.695565634166888e-01,5.084203854423085e-01,-1.917107624232849e-01,4.255407170665861e-03,-2.184271910505492e-04,9.818445895348500e-01,2.228820485087766e+01,2.981843813356811e-03,-6.452803046624191e-03,-4.695565634166897e-01
8.114112715408150e-01,8.118264110013743e+02,9.698121675421036e-01,4.658565556732494e-01,5.024817026521078e-01,-1.856828335199328e-01,4.070203567710319e-03,-2.305923271979897e-04,9.690752129337304e-01,2.230618416582546e+01,2.904919504407211e-03,-6.271325265576167e-03,-4.658565556732500e-01
8.175237384015068e-01,8.179420051617280e+02,9.541972324801247e-01,4.622599780330710e-01,4.966476671756509e-01,-1.796510205554761e-01,3.875278026991601e-03,-2.481657899991685e-04,9.565524388444233e-01,2.232371160251580e+01,2.826882155165927e-03,-6.112373557950052e-03,-4.622599780330714e-01
8.236432671687034e-01,8.240646648416447e+02,9.388840858672748e-01,4.587655263113145e-01,4.909257235219389e-01,-1.736143571721279e-01,3.669434764025693e-03,-2.631814353278190e-04,9.442876678502641e-01,2.234077634947915e+01,2.747122560392697e-03,-5.965635724070794e-03,-4.587655263113148e-01
8.297696210141201e-01,8.301941530916720e+02,9.238929431519036e-01,4.553730067620042e-01,4.853346874174230e-01,-1.675726831354916e-01,3.443515375893685e-03,-2.693484209299096e-04,9.323003186656653e-01,2.235736542549099e+01,2.665424255673053e-03,-5.816555906717583e-03,-4.553730067620048e-01
8.359025628453391e-01,8.363302326980893e+02,9.092492938559144e-01,4.520838665124808e-01,4.798832008549101e-01,-1.615263696320106e-01,3.193262009674682e-03,-2.683006521935764e-04,9.206081806116526e-01,2.237346488856842e+01,2.581777913993340e-03,-5.656075440918511e-03,-4.520838665124816e-01
8.420418553149849e-01,8.424726661920878e+02,8.949696824022713e-01,4.489012750769157e-01,4.745758176615305e-01,-1.554795160924246e-01,2.930193852220896e-03,-2.633948518445170e-04,9.092233875703587e-01,2.238906266305268e+01,2.496749857649261e-03,-5.476537184991507e-03,-4.489012750769162e-01
8.481872608299091e-01,8.486212158589605e+02,8.810577230534417e-01,4.458279693266970e-01,4.694339687259223e-01,-1.494370094199739e-01,2.669333820066005e-03,-2.600654800522590e-04,8.981598305530305e-01,2.240414974466003e+01,2.410559301591572e-03,-5.270068050472810e-03,-4.458279693266975e-01
8.543385415603867e-01,8.547756437473021e+02,8.675079491461166e-01,4.428647682635939e-01,4.644813404138389e-01,-1.433997457808555e-01,2.418099960662569e-03,-2.609694978860304e-04,8.874270289117747e-01,2.241871564102376e+01,2.322549089786588e-03,-5.039484913560077e-03,-4.428647682635939e-01
8.604954594493189e-01,8.609357116782177e+02,8.543362645992274e-01,4.400133042549600e-01,4.597178861464554e-01,-1.373667826057342e-01,2.171758071752065e-03,-2.588854107469735e-04,8.770337275003215e-01,2.243274548118489e+01,2.232174479715029e-03,-4.793071465938879e-03,-4.400133042549607e-01
8.666577762214468e-01,8.671011812545403e+02,8.415850400545196e-01,4.372780086042366e-01,4.551354557844817e-01,-1.313349121395313e-01,1.929166174527348e-03,-2.477726864086047e-04,8.669992522216190e-01,2.244622437033439e+01,2.140017826587971e-03,-4.535818028758566e-03,-4.372780086042369e-01
8.728252533925724e-01,8.732718138700573e+02,8.292936957666635e-01,4.346636327892988e-01,4.507226503890677e-01,-1.252957296645096e-01,1.696554686675971e-03,-2.272785729265992e-04,8.573399894725149e-01,2.245914306817469e+01,2.047065078885711e-03,-4.271305992898209e-03,-4.346636327892993e-01
8.789976522787881e-01,8.794473707187439e+02,8.174898273431528e-01,4.321733482594283e-01,4.464832052851354e-01,-1.192411555417481e-01,1.476650266781072e-03,-1.993487446968128e-04,8.480731904438582e-01,2.247149650265788e+01,1.953604218276089e-03,-4.004079536956786e-03,-4.321733482594285e-01
8.851747340057141e-01,8.856276128040058e+02,8.061940740141987e-01,4.298101232182578e-01,4.424357053062306e-01,-1.131659317813761e-01,1.266299770240009e-03,-1.680879927469861e-04,8.392199512693436e-01,2.248327987783336e+01,1.859567465192067e-03,-3.742759854026858e-03,-4.298101232182582e-01
8.913562595177424e-01,8.918123009479281e+02,7.954298453382448e-01,4.275767064708298e-01,4.385886161162864e-01,-1.070694368803771e-01,1.063938662606664e-03,-1.353194726375076e-04,8.307975839626806e-01,2.249448947667359e+01,1.765462795480591e-03,-3.495442094026107e-03,-4.275767064708302e-01
8.975419895872890e-01,8.980011958005315e+02,7.852236095578968e-01,4.254737142394286e-01,4.349403920560956e-01,-1.009563667697674e-01,8.797241418954197e-04,-1.042269207709714e-04,8.228188579267106e-01,2.250512604996021e+01,1.671935246943261e-03,-3.266031347646271e-03,-4.254737142394293e-01
9.037316848240518e-01,9.041940578490353e+02,7.755981215816393e-01,4.235002516215066e-01,4.314857870735995e-01,-9.483162655896946e-02,7.193521518622756e-04,-8.011302468302881e-05,8.152920801383727e-01,2.251519008351142e+01,1.578090676137618e-03,-3.052485348721204e-03,-4.235002516215070e-01
9.099251056842746e-01,9.103906474271269e+02,7.665523900615673e-01,4.216548541114429e-01,4.282382956872466e-01,-8.869802840730311e-02,5.731795662634348e-04,-6.562466665701909e-05,8.082227699301284e-01,2.252467453238945e+01,1.482877422497906e-03,-2.846700184513413e-03,-4.216548541114435e-01
9.161220124800187e-01,9.165907247242362e+02,7.580628226680528e-01,4.199349868942412e-01,4.252254729658678e-01,-8.255468248888312e-02,4.336363379548614e-04,-6.121302331204493e-05,8.016116412640809e-01,2.253357049229054e+01,1.386634299625543e-03,-2.642527563856330e-03,-4.199349868942417e-01
9.223221653884378e-01,9.227940497948179e+02,7.501200767711625e-01,4.183383623213422e-01,4.224538555199265e-01,-7.640421253631317e-02,3.056916743770008e-04,-6.586676366417311e-05,7.954561473062156e-01,2.254187195643671e+01,1.289741278298428e-03,-2.438467859967238e-03,-4.183383623213426e-01
9.285253244610600e-01,9.290003825676356e+02,7.427414206551237e-01,4.168643856592515e-01,4.199161619890942e-01,-7.025181129748455e-02,1.979640795757758e-04,-7.593145905571544e-05,7.897609841517348e-01,2.254957486789397e+01,1.192494145080482e-03,-2.234686110560645e-03,-4.168643856592523e-01
9.347312496330733e-01,9.352094828550540e+02,7.359453434438664e-01,4.155133252763334e-01,4.176156570186643e-01,-6.410038611962859e-02,1.073244915181756e-04,-8.585483785521875e-05,7.845371628694320e-01,2.255667572828304e+01,1.094570418329935e-03,-2.030159584460909e-03,-4.155133252763336e-01
9.409397007326168e-01,9.414211103623340e+02,7.297444781864244e-01,4.142865919252022e-01,4.155741856412506e-01,-5.795434920449202e-02,2.887032255042956e-05,-9.726812220524800e-05,7.798026278764387e-01,2.256316755419553e+01,9.954712458425967e-04,-1.824891046533187e-03,-4.142865919252029e-01
9.471504374900750e-01,9.476350246969317e+02,7.241393509616206e-01,4.131882797576756e-01,4.137806999410468e-01,-5.181834635964416e-02,-4.007768387322362e-05,-1.148761828779646e-04,7.755541653301716e-01,2.256904272765409e+01,8.953084591195556e-04,-1.623646844561721e-03,-4.131882797576762e-01
9.533632195473765e-01,9.538509853778021e+02,7.191357247701673e-01,4.122230655331720e-01,4.121930494038543e-01,-4.569481756136377e-02,-1.031918808441108e-04,-1.369328410155570e-04,7.717759198535968e-01,2.257429259016314e+01,7.935298227370839e-04,-1.431123710998455e-03,-4.122230655331726e-01
9.595778064672961e-01,9.600687518447062e+02,7.147549116642807e-01,4.113916763986996e-01,4.107884818780947e-01,-3.958246432319178e-02,-1.617514351283785e-04,-1.578423056383531e-04,7.684675349705375e-01,2.257890567096505e+01,6.901149113899055e-04,-1.246992018909878e-03,-4.113916763986999e-01
9.657939577427594e-01,9.662880834675195e+02,7.110033343423934e-01,4.106903944082181e-01,4.095782397254700e-01,-3.347783051414568e-02,-2.166624155908913e-04,-1.709679218114371e-04,7.656359842380407e-01,2.258287376239586e+01,5.858238328385277e-04,-1.068427929146319e-03,-4.106903944082185e-01
9.720114328061512e-01,9.725087395555463e+02,7.078715086185716e-01,4.101138877275411e-01,4.085808757851485e-01,-2.737911745508482e-02,-2.637580456142023e-04,-1.703285481103577e-04,7.632831360656307e-01,2.258619169943675e+01,4.807963887646669e-04,-8.974445807143684e-04,-4.101138877275411e-01
9.782299910386247e-01,9.787304793668327e+02,7.053529476181231e-01,4.096577722645350e-01,4.077928764434322e-01,-2.128724286819022e-02,-2.964841147235533e-04,-1.527839787486015e-04,7.614017981630451e-01,2.258885429898162e+01,3.749784947975808e-04,-7.422379065187115e-04,-4.096577722645353e-01
9.844493917794144e-01,9.849530621174848e+02,7.034511655401907e-01,4.093194416025973e-01,4.071979335273248e-01,-1.520128098667215e-02,-3.186348800575808e-04,-1.204586263181721e-04,7.599842703350563e-01,2.259085642821452e+01,2.684133245527092e-04,-6.133027128913383e-04,-4.093194416025974e-01
9.906693943351491e-01,9.911762469909864e+02,7.021768940439216e-01,4.090965473219135e-01,4.067965782079037e-01,-9.118776305840634e-03,-3.374967974746139e-04,-7.666175500316223e-05,7.590350097868694e-01,2.259219375219141e+01,1.613086215983594e-04,-5.199234927045872e-04,-4.090965473219141e-01
9.968897579891672e-01,9.973997931475188e+02,7.015401963929812e-01,4.089860019337556e-01,4.065963191133335e-01,-3.039143288906542e-03,-3.512194615377568e-04,-2.609377531360039e-05,7.585612587200351e-01,2.259286340510665e+01,5.383480654537735e-05,-4.694460709892705e-04,-4.089860019337560e-01
